id_estado,estado,superficie_km2,poblacion,cant_rest,CRE,DCP
NC,Carolina del Norte,139389.0,10551162,136,0.9756867471608233,77.58207352941177
SC,Carolina del Sur,82932.0,5190705,113,1.3625620990691167,45.93544247787611
FL,Florida,170304.0,21781128,496,2.9124389327320555,43.913564516129036
GA,Georgia,153909.0,10799566,210,1.364442625187611,51.426504761904766
MD,Maryland,32133.0,6165129,158,4.917063455015093,39.019803797468356
VA,Virginia,110785.0,8642274,141,1.2727354786297784,61.29272340425531
